model_name,White last names and Black last names wrt Pleasant and Unpleasant,White last names and Asian last names wrt Pleasant and Unpleasant,White last names and Hispanic last names wrt Pleasant and Unpleasant,White last names and Black last names wrt Occupations white and Occupations black,White last names and Asian last names wrt Occupations white and Occupations asian,White last names and Hispanic last names wrt Occupations white and Occupations hispanic,White last names and Black last names wrt Positive words and Negative words,White last names and Asian last names wrt Positive words and Negative words,White last names and Hispanic last names wrt Positive words and Negative words,WEAT: Ethnicity average score
conceptnet-numberbatch-17-06-300,0.031067699193954468,-0.24735334515571594,0.06345538049936295,0.013947725296020508,0.400217741727829,0.17025995254516602,0.014887839555740356,-0.12084079533815384,0.1760045886039734,0.1375594519906574
fasttext-wiki-news-subwords-300,-0.00048476457595825195,-0.15906623005867004,0.1422789990901947,0.005468606948852539,-0.5895519256591797,-0.4649255275726318,-0.01530954986810684,-0.05458780750632286,0.02673815935850144,0.16204573007093534
word2vec-google-news-300,-0.00984245538711548,-0.3592884540557861,-0.3531782627105713,0.02229547500610352,-0.3600390553474426,-0.2533915042877197,0.010522127151489258,-0.13439317047595978,-0.11498212814331055,0.1797702925072776
glove-wiki-gigaword-300,0.01122593879699707,0.3060181438922882,0.6782867312431335,0.009428739547729492,1.184767723083496,0.6720578670501709,0.019521594047546387,0.33883070945739746,0.5194461345672607,0.41550928685400224
glove-wiki-gigaword-200,-0.02288830280303955,0.30996423959732056,0.7395233511924744,0.014869213104248047,1.2302643060684204,0.6473886966705322,0.009687840938568115,0.3698752522468567,0.6099711656570435,0.43938137425316703
glove-wiki-gigaword-100,0.012817025184631348,0.7528976798057556,1.471160888671875,0.022465348243713386,1.232464075088501,1.0079011917114258,0.028117895126342773,0.5974680185317993,0.8872039318084717,0.6680551171302795
glove-twitter-100,-0.019451797008514404,-1.118379831314087,0.28327617049217224,-0.07733678817749022,,0.5819258689880371,0.03125011920928955,0.4109034538269043,0.5342656373977661,0.3820987083017826
glove-twitter-200,-0.015722095966339108,-0.4452967643737793,0.11571109294891355,-0.06396210193634032,,0.8988447785377502,0.017219960689544678,0.2962850332260132,0.3764311671257019,0.2786841243505478
