model_name,White last names and Black last names wrt Pleasant and Unpleasant,White last names and Asian last names wrt Pleasant and Unpleasant,White last names and Hispanic last names wrt Pleasant and Unpleasant,White last names and Black last names wrt Occupations white and Occupations black,White last names and Asian last names wrt Occupations white and Occupations asian,White last names and Hispanic last names wrt Occupations white and Occupations hispanic,White last names and Black last names wrt Positive words and Negative words,White last names and Asian last names wrt Positive words and Negative words,White last names and Hispanic last names wrt Positive words and Negative words,RNSB: Ethnicity average score
conceptnet-numberbatch-17-06-300,0.0019549921324863205,0.0030250051752583286,0.001607281718129562,0.004928205696700672,0.004726802360853839,0.003326332978858401,0.14856987234541877,0.11019880344566693,0.15789240000664453,0.04846996620666859
fasttext-wiki-news-subwords-300,0.0039088690804115625,0.008817027032067984,0.004842850141792354,0.0021394260559298517,0.0022979114875413,0.002440505640692461,0.11033533382155432,0.23323373144418816,0.14275034682753812,0.05675177794796845
word2vec-google-news-300,0.03657651831765822,0.05710097827909784,0.042634041682696015,0.018321684723047644,0.0393001514448077,0.02709088771253294,0.28483160637755417,0.2763422163631776,0.273444439448966,0.11729361381661535
glove-wiki-gigaword-300,0.09179156095217622,0.11701239022237775,0.11634703433548173,0.10363781761621213,0.15380102180439928,0.1147413293162438,0.22584216425370865,0.2471687627786813,0.2414167469206853,0.15686209202221846
glove-wiki-gigaword-200,0.11991286878085936,0.15662847241615915,0.1378834727778863,0.0993313644220294,0.16404658846526432,0.1330594015233422,0.15196078639161129,0.29630043270239165,0.14642476955801673,0.1561720174486178
glove-wiki-gigaword-100,0.11343346057788913,0.3629044067822014,0.3227852235450362,0.16908437864685202,0.2271330464171873,0.15248761908309166,0.061562672398952877,0.14526987534384006,0.14928547832573205,0.18932735123564248
glove-twitter-100,0.06417595377512607,0.24891615387366106,0.07175405020692446,0.16884215845569506,,0.18458443973935326,0.06364534719543008,0.1738968449679623,0.09715098273299293,0.13412074136839314
glove-twitter-200,0.0661608274464271,0.1645973453051228,0.0762651672449956,0.18085573252797896,,0.1465304981591266,0.1446140484759125,0.1846972312768075,0.16267036805157215,0.14079890231099287
