model_name,Male terms and Female terms wrt Career and Family,Male terms and Female terms wrt Math and Arts,Male terms and Female terms wrt Science and Arts,Male terms and Female terms wrt Intelligence and Appearence,Male terms and Female terms wrt Intelligence and Sensitive,Male terms and Female terms wrt Positive words and Negative words,Male terms and Female terms wrt Man Roles and Woman Roles,RNSB: Gender average score
conceptnet-numberbatch-17-06-300,0.01417358587603386,0.0007420528188564606,0.00047062978171342714,0.0028260510413396253,0.0023868533880256784,0.1300245219343757,0.002876757528367735,0.021928636052673218
fasttext-wiki-news-subwords-300,0.006442020920270924,0.002644833758451744,0.0013931505084104517,0.009792868277131307,0.003428664951490236,0.15553163462155642,0.006043810274781256,0.02646814047315604
word2vec-google-news-300,0.03413812906585671,0.007486657002626909,0.004647641784574793,0.018347802645191185,0.009217381421206434,0.1360695239402211,0.09741156548168503,0.043902671620194594
glove-wiki-gigaword-300,0.025955075722421558,0.04824420043439627,0.012702280467160229,0.008634682715613599,0.023380753497895455,0.2490141762140629,0.2279180728171176,0.08512132026695254
glove-wiki-gigaword-200,0.032094967704012656,0.06272982466444786,0.014709656214789837,0.006918396305034758,0.022321854681990917,0.16050440891161993,0.22335249624740072,0.07466165781847095
glove-wiki-gigaword-100,0.022532626560702613,0.08058311726748495,0.01993151829913196,0.002380483173483616,0.033357220738198835,0.13576670652108774,0.16584481593327152,0.06577092692762304
glove-twitter-100,0.01826794293256675,0.06948494167521872,0.011877586853922135,0.015105362007935275,0.010725402284282058,0.11734286501569988,0.16511231177174449,0.05827377322019561
glove-twitter-200,0.018500651499119617,0.05109994455795582,0.009873300680840212,0.02147308686579225,0.004350911516791524,0.18219146378063086,0.14445449661454618,0.06170626507366809
