model_name,Male terms and Female terms wrt Career and Family,Male terms and Female terms wrt Math and Arts,Male terms and Female terms wrt Science and Arts,Male terms and Female terms wrt Intelligence and Appearence,Male terms and Female terms wrt Intelligence and Sensitive,Male terms and Female terms wrt Positive words and Negative words,Male terms and Female terms wrt Man Roles and Woman Roles,WEAT: Gender average score
conceptnet-numberbatch-17-06-300,0.4724559783935547,0.07900926470756531,0.24414105713367462,0.2283564805984497,0.1852479875087738,-0.00445401668548584,0.4779106080532074,0.24165362758295877
fasttext-wiki-news-subwords-300,0.5255749225616455,0.40665751695632935,0.2843188643455505,0.5454204678535461,0.12431871891021727,-0.08339573442935944,1.1882107257843018,0.4511281358344214
word2vec-google-news-300,0.93377685546875,0.5242133736610413,0.6166529655456543,1.0080204010009766,0.3576753735542297,-0.06299436092376709,2.31665301322937,0.8314266204833984
glove-wiki-gigaword-300,1.502244234085083,0.4239209890365601,0.6041600704193115,0.6912192702293396,-0.07445335388183594,-0.06529206037521362,2.452303171157837,0.8305133070264544
glove-wiki-gigaword-200,1.6966443061828609,0.5776424407958984,0.6135439872741699,0.8223576545715332,0.13930690288543698,-0.031601250171661384,2.600602388381958,0.9259569900376456
glove-wiki-gigaword-100,1.7496228218078609,0.663790225982666,0.4358863830566406,0.8095352649688721,0.06348776817321777,-0.06533151865005493,2.18910813331604,0.8538231594221932
glove-twitter-100,0.9740030765533448,-0.3173891305923462,-0.09084200859069824,0.4736313819885254,0.17826759815216064,-0.0571359395980835,1.5465865135192869,0.5196936641420636
glove-twitter-200,0.7169334888458252,-0.1190880537033081,0.1008836030960083,0.4795432090759277,0.10364389419555664,-0.04662173986434937,1.1485782861709597,0.38789889642170505
