model_name,Christianity terms and Islam terms wrt Pleasant and Unpleasant,Christianity terms and Judaism terms wrt Pleasant and Unpleasant,Islam terms and Judaism terms wrt Pleasant and Unpleasant,Christianity terms and Islam terms wrt Christian related words and Muslim related words,Christianity terms and Jew terms wrt Christian related words and Jew related words,Islam terms and Jew terms wrt Musilm related words and Jew related words,Christianity terms and Islam terms wrt Positive words and Negative words,Christianity terms and Jew terms wrt Positive words and Negative words,Islam terms and Jew terms wrt Positive words and Negative words,RNSB: Religion average score
conceptnet-numberbatch-17-06-300,0.0042926384284209,0.002618826172864576,0.003018244785599027,0.00047702724471717896,0.0002731697855317512,0.00023221806870456243,0.2887195417234837,0.20730989764062022,0.15391612838536087,0.07342863247058921
fasttext-wiki-news-subwords-300,0.011095990788536491,0.00706650330824725,0.013271512095508588,0.0010355271013729331,0.0008319416286159491,0.0013316385329484985,0.13041525469547666,0.21447017507313929,0.28231726961009523,0.07353731253710456
word2vec-google-news-300,0.07185702606099764,0.08050988153137834,0.08743828874815368,,,0.02727335605858965,0.2440329953786243,0.261985698677124,0.27864797681610026,0.15024931761013827
glove-wiki-gigaword-300,0.2907439415467365,0.3233526763317961,0.27207022860374064,0.07390810802812671,0.0335460695618377,0.060079169514667075,0.30576033270644826,0.4999053035658902,0.3450393489520003,0.2449339087568048
glove-wiki-gigaword-200,0.2862967694312108,0.3669972799590165,0.2320838874962257,0.07114208423095501,0.04156928718905028,0.07454369254023052,0.31159337063165465,0.5850680058088318,0.35814090975626706,0.2586039207826047
glove-wiki-gigaword-100,0.3073667682975595,0.3641579517624338,0.14583368108970182,0.10235569103540997,0.058137405441118874,0.08754805719263221,0.22126699615073875,0.2103535780791048,0.2039233415345478,0.18899371895369416
glove-twitter-100,0.18982274845170985,0.16019065267140986,0.11647254110572625,0.06413051563840773,0.06310534350536481,0.07287072151752176,0.3030188225936756,0.2678013657076945,0.2623357206552205,0.16663871464963675
glove-twitter-200,0.12800825203296434,0.13315669689981996,0.06780523193008986,0.05849931873530001,0.04238301951585181,0.041169895715087806,0.3697087402522619,0.3172220247001541,0.34932074035690625,0.16747488001538174
