model_name,Christianity terms and Islam terms wrt Pleasant and Unpleasant,Christianity terms and Judaism terms wrt Pleasant and Unpleasant,Islam terms and Judaism terms wrt Pleasant and Unpleasant,Christianity terms and Islam terms wrt Christian related words and Muslim related words,Christianity terms and Jew terms wrt Christian related words and Jew related words,Islam terms and Jew terms wrt Musilm related words and Jew related words,Christianity terms and Islam terms wrt Positive words and Negative words,Christianity terms and Jew terms wrt Positive words and Negative words,Islam terms and Jew terms wrt Positive words and Negative words,WEAT: Religion average score
conceptnet-numberbatch-17-06-300,0.12249337136745453,0.06871314346790314,-0.05378022789955139,0.34632956981658936,0.11214467883110046,0.0969141349196434,0.058005593717098236,0.00019166246056556702,-0.05781393125653267,0.10182070152627097
fasttext-wiki-news-subwords-300,0.14894168078899386,0.0276174545288086,-0.12132422626018526,0.5411089658737183,0.05580824613571167,0.3753599524497986,0.04926159232854843,0.014563996344804762,-0.03469759598374367,0.15207596785492367
word2vec-google-news-300,0.21617576479911804,-0.026834309101104736,-0.2430100739002228,,,0.5462560653686523,0.0796750858426094,-0.01961667090654373,-0.09929175674915314,0.17583710380962916
glove-wiki-gigaword-300,0.3065891265869141,0.0019497722387313843,-0.3046393394470215,0.5942619442939758,-0.2523345053195953,0.5610038042068481,0.16392022371292114,0.04912238568067552,-0.11479784548282625,0.2609576607743899
glove-wiki-gigaword-200,0.35233986377716064,0.03192906081676483,-0.3204107880592346,0.6370647549629211,-0.3572799265384674,0.5509626865386963,0.1891121715307236,0.0569337010383606,-0.13217847049236298,0.2920234915282991
glove-wiki-gigaword-100,0.30504709482192993,0.09631766378879547,-0.20872944593429565,0.7389895915985107,-0.16662371158599856,0.6400842666625977,0.17784449458122253,0.07881076633930206,-0.09903373569250107,0.2790534190005726
glove-twitter-100,-0.04276116192340852,0.17245838046073916,0.21521954238414764,-0.05480754375457764,-0.6277868747711182,0.3909561038017273,0.014969907701015472,0.1529550552368164,0.13798514008522034,0.2010999677909745
glove-twitter-200,-0.008641757071018219,0.1940557062625885,0.20269745588302607,0.023938268423080444,-0.3128882348537445,0.30365219712257385,0.012818142771720886,0.14366787672042847,0.13084973394870758,0.14813437478409874
