model_name,White last names and Black last names wrt Pleasant and Unpleasant,White last names and Asian last names wrt Pleasant and Unpleasant,White last names and Hispanic last names wrt Pleasant and Unpleasant,White last names and Black last names wrt Occupations white and Occupations black,White last names and Asian last names wrt Occupations white and Occupations asian,White last names and Hispanic last names wrt Occupations white and Occupations hispanic,White last names and Black last names wrt Positive words and Negative words,White last names and Asian last names wrt Positive words and Negative words,White last names and Hispanic last names wrt Positive words and Negative words,WEAT: Ethnicity average score
glove-twitter-25,-0.010756969451904297,-0.6525055170059204,-0.34390318393707275,-0.04103422164916992,,0.376802921295166,0.03855276107788086,0.46666842699050903,0.24094998836517334,0.2713967487215996
glove-twitter-50,-0.015581607818603516,-0.46585673093795776,0.01007699966430664,-0.08944511413574219,,0.9564452171325684,0.0231286883354187,0.5658430457115173,0.4165787696838379,0.31786952167749405
glove-twitter-100,-0.019451797008514404,-1.118379831314087,0.28327617049217224,-0.07733678817749023,,0.5819258689880371,0.03125011920928955,0.4109034538269043,0.5342656373977661,0.3820987083017826
glove-twitter-200,-0.01572209596633911,-0.4452967643737793,0.11571109294891357,-0.06396210193634033,,0.8988447785377502,0.017219960689544678,0.2962850332260132,0.3764311671257019,0.2786841243505478
